<?xml version="1.0" encoding="UTF-8"?>
<metadata>
  <groupId>com.google.code.findbugs</groupId>
  <artifactId>annotations</artifactId>
  <versioning>
    <release>2.0.1</release>
    <versions>
      <version>2.0.2</version>
      <version>6.5.6</version>
      <version>14.0.1</version>
      <version>3.1</version>
      <version>0.6.0</version>
      <version>1</version>
      <version>2.0.1</version>
      <version>2.1.5</version>
      <version>1.2</version>
      <version>1.8.4</version>
      <version>1.0.13</version>
      <version>1.7.5</version>
    </versions>
    <lastUpdated>20130928183541</lastUpdated>
  </versioning>
</metadata>
